[
  { "item_id": 1,
    "country": "Afghanistan",
    "states": ["Badakhshan", "Badghis", "Baghlan", "Balkh", "Bamian", "Daykondi", "Farah", "Faryab", "Ghazni", "Ghowr", "Helmand", "Herat", "Jowzjan", "Kabul", "Kandahar", "Kapisa", "Khost", "Konar", "Kondoz", "Laghman", "Lowgar", "Nangarhar", "Nimruz", "Nurestan", "Oruzgan", "Paktia", "Paktika", "Panjshir", "Parvan", "Samangan", "Sar-e Pol", "Takhar", "Vardak", "Zabol"]
  },
  {
    "item_id": 2,
    "country": "Albania",
    "states": ["Berat", "Dibres", "Durres", "Elbasan", "Fier", "Gjirokastre", "Korce", "Kukes", "Lezhe", "Shkoder", "Tirane", "Vlore"]
  },
  {
    "item_id": 3,
    "country": "Algeria",
    "states": ["Adrar", "Ain Defla", "Ain Temouchent", "Alger", "Annaba", "Batna", "Bechar", "Bejaia", "Biskra", "Blida", "Bordj Bou Arreridj", "Bouira", "Boumerdes", "Chlef", "Constantine", "Djelfa", "El Bayadh", "El Oued", "El Tarf", "Ghardaia", "Guelma", "Illizi", "Jijel", "Khenchela", "Laghouat", "Muaskar", "Medea", "Mila", "Mostaganem", "M'Sila", "Naama", "Oran", "Ouargla", "Oum el Bouaghi", "Relizane", "Saida", "Setif", "Sidi Bel Abbes", "Skikda", "Souk Ahras", "Tamanghasset", "Tebessa", "Tiaret", "Tindouf", "Tipaza", "Tissemsilt", "Tizi Ouzou", "Tlemcen"]
  },
  {
    "item_id": 4,
    "country": "Andorra",
    "states": ["Andorra la Vella", "Canillo", "Encamp", "Escaldes-Engordany", "La Massana", "Ordino", "Sant Julia de Loria"]
  },
  {
    "item_id": 5,
    "country": "Angola",
    "states": ["Bengo", "Benguela", "Bie", "Cabinda", "Cuando Cubango", "Cuanza Norte", "Cuanza Sul", "Cunene", "Huambo", "Huila", "Luanda", "Lunda Norte", "Lunda Sul", "Malanje", "Moxico", "Namibe", "Uige", "Zaire"]
  }]